img	ruler pixel/cm
1-3-1.png	80.796535
1.1.png	151.447681
1.17-2.png	163.220709
1.22-2.png	272.542107
1.png	209.687386
10-26-2.png	220.459180
10.11-2.png	151.585224
10.12.png	55.806810
10.13-1.png	151.962101
10.15.png	83.337173
10.2-1.png	233.897862
10.23-1.png	192.418138
10.23.png	219.293411
10.27.png	196.654418
10.29.png	197.118492
10.9-1.png	148.210020
10.9-2.png	143.707829
10.9.png	156.180184
11-1-2.png	247.342677
11-23-1.png	110.114486
11-30-5.png	159.686192
11.13.png	263.179520
11.16-1.png	213.930292
11.2-2.png	123.517853
11.20-1.png	140.771943
11.3-2.png	320.168955
11.3.png	164.916949
11.6-1.png	122.688263
11.9-1.png	86.088908
11.9-2.png	97.244251
12-15-3.png	126.635540
12-4-2.png	188.722548
12.2-4.png	210.300856
12.28-1.png	240.447915
12.4-1.png	288.375536
16.6.7-12dian1.7cmqianxing.png	117.345643
17.5.3 quanyu.png	54.700000
18.11.19-1.png	154.802067
18.11.23-1.png	197.210142
18.12.28-4.png	52.943838
18.12.30-1.png	157.193639
1947320611.png	120.073478
1ed726103bf5a5433bf8c85bd28a6b1.png	223.858102
2.24.png	192.005859
2.27-4.png	214.800372
2.5-1.png	167.434525
2.png	364.414050
2017-05-31 103001.png	214.205252
2017-7-19-2.png	170.689455
2017-8-18-1.png	192.123944
2018-1-1-1.png	131.128334
2018-2-2-1.png	187.577744
21.1.6-1.png	121.009752
26-1.png	216.269831
26-3.png	215.662700
3.22.png	120.253898
3.5-1.png	146.737112
37d0bc78ffa77ebe7d7301112c19f68.png	196.888192
4-20-2.png	235.838334
4-4-3.png	49.503636
4.11-1.png	252.744931
4.11-2.png	403.744474
4.12-1.png	372.825750
4.14quanyu.png	213.263405
4.19-1.png	166.942655
4.2,.png	202.058209
4.23-1.png	181.207064
4.24-1.png	151.425889
4.26-2.png	185.652148
4.27-3.png	98.042899
4.28-1.png	294.022040
4.28-2.png	298.643868
4.3-1.png	148.087001
4.4-1.png	173.443853
4.5-1.png	201.558924
4.8-2.png	149.236055
4.9-2.png	191.260242
5.10-1.png	171.820400
5.11..png	266.497280
5.12-1.png	199.279954
5.16-2.png	156.350887
5.17chaichufengheqi-1.png	196.006531
5.18.png	163.131849
5.20-3.png	321.596782
5.27-2.png	219.671391
5.28tangdan.png	79.633724
5.29-2.png	101.448115
5.30-1jianquhuaisipibanqian.png	131.050906
5.30-5.png	137.388791
5.31-2.png	200.253090
5.4-1.png	221.559292
5.9-1.png	76.947580
6-20.png	235.736824
6-28-2.png	211.791076
6.11-1.png	196.544194
6.11.png	192.993290
6.12-1.png	199.542677
6.14-1.png	140.030854
6.14-2.png	103.427849
6.17-2.png	114.918623
6.20-1.png	194.020205
6.22-1.png	158.677030
6.24-1.png	183.324848
6.3-1.png	213.371413
6.5-2.png	141.050346
6.6-3.png	197.669952
6.7.png	173.415686
7-25-3.png	136.855581
7.10-2.png	186.113084
7.12-1.png	193.719385
7.12-2.png	237.781938
7.22-2.png	149.213438
7.23-1.png	233.849866
7.24-1.png	148.985905
7.26-1.png	128.618817
7.26-3(yin).png	158.690642
7.27-2.png	230.484555
7.27-3.png	199.377030
7.29 ssdzuocedoudao,lahe.png	179.449157
7.29-2.png	207.041638
7.30-1.png	253.250864
7.31-1.png	189.827948
7.31-2.png	264.146626
7.31-3.png	178.710632
7.5-2.png	188.471749
8.1-1.png	235.784160
8.10-1.png	243.931179
8.10.-1.png	240.816112
8.12-1quanyu.png	175.676521
8.14-2.png	89.301792
8.16-2.png	215.223791
8.16-4.png	187.730259
8.17-2.png	203.856028
8.19-1.png	173.137431
8.2-1.png	166.934239
8.20-1.png	171.385093
8.21-1.png	231.289299
8.21-2.png	261.638701
8.22-3.png	215.043251
8.24-3.png	216.426616
8.27-1.png	229.561147
8.28-1.png	215.047530
8.31-1.png	179.108905
8.4-2.png	317.927539
8.5-1.png	226.277352
8.6-1.png	307.266659
8.7-1.png	179.264274
8.9-2.png	163.431698
8.9zaosuan.png	128.788082
8d9b5c6c58456ac397e882faf5ba8e0.png	193.228181
9-30.png	223.235839
9.12-1.png	212.290862
9.16-2.png	119.382578
9.17-2.png	132.218607
9.17.png	122.214934
9.18-1.png	372.525986
9.19-2.png	214.592498
9.2-3(deshitai).png	204.600220
9.27-1.png	219.293411
9.27-4.png	208.277123
9.28-1.png	225.302641
9.28-2.png	306.347597
9.3.png	217.516758
9.5-3.png	203.219290
ca747b3129f97337265425fa05626dc.png	200.851512
IMG_0023.png	232.761724
IMG_0467.png	121.855406
IMG_0629.png	54.266933
IMG_1344.png	101.056816
IMG_1384.png	158.625408
IMG_1527.png	82.933286
IMG_1577.png	145.449648
IMG_1582.png	46.647294
IMG_1590.png	135.233465
IMG_1641.png	172.516695
IMG_1657.png	161.123183
IMG_1997.png	176.787839
IMG_20150416_085507.png	278.217936
IMG_20150420_083807.png	272.868925
IMG_20150629_180123.png	255.148369
IMG_20150629_180131.png	207.757960
IMG_20150701_173453.png	203.873122
IMG_2567.png	73.907239
IMG_2572.png	142.867771
IMG_2736.png	192.123944
IMG_3012.png	235.438739
IMG_3161.png	212.000849
IMG_3173.png	188.153820
IMG_3194.png	101.444369
IMG_3200.png	273.302634
IMG_3201.png	289.201400
IMG_3203.png	114.027541
IMG_3207.png	255.711463
IMG_3227.png	165.945835
IMG_3266.png	154.829067
IMG_3301.png	194.700924
IMG_3333.png	173.849159
IMG_3381.png	235.829430
IMG_3412.png	213.061048
IMG_3413.png	202.571987
IMG_3416.png	221.198486
IMG_3428.png	165.708660
IMG_3429.png	163.105671
IMG_3444.png	211.902808
IMG_3446.png	220.431622
IMG_3601.png	246.629925
IMG_3756.png	241.415575
IMG_4143.png	133.527301
IMG_4201.png	140.936440
IMG_4324.png	229.690313
IMG_4325.png	148.073630
IMG_4337.png	178.826424
IMG_4358.png	198.011136
IMG_4374.png	183.117995
IMG_4379.png	213.728145
IMG_4389.png	253.082141
IMG_4391.png	249.458453
IMG_4392.png	283.615691
IMG_4425.png	159.175940
IMG_4548.png	203.471669
IMG_4594.png	123.003293
IMG_4613.png	235.167090
IMG_4626.png	217.259867
IMG_4637.png	158.091746
IMG_4641.png	249.011566
IMG_4670.png	156.131227
IMG_4694.png	114.246444
IMG_4741.png	222.507191
IMG_4776.png	134.710653
IMG_4780.png	212.746798
IMG_4839.png	153.437675
IMG_4861.png	171.344390
IMG_4955.png	265.638947
IMG_5024.png	202.477456
IMG_5030.png	173.458381
IMG_5242.png	76.290090
IMG_5276.png	204.663553
IMG_5338.png	171.321277
IMG_5459.png	106.527039
IMG_6833.png	142.501088
IMG_9870.png	120.053988
JPGI2787.png	32.175301
KFHJ2895.png	72.749311
PIC_20150713_084918_236.png	157.243378
PIC_20150930_112213_108.png	154.090525
PIC_20151015(0.3-0.6qianxing.png	268.322288
PIC_20151018_082048_DE2.png	31.173582
PIC_20151019_132501_C43.png	34.928248
PIC_20151021_112013_98C.png	177.502366
PIC_20151024_085053_D6E.png	234.604774
PIC_20151028_081555_F69.png	204.225757
PIC_20151104_081455_3ED.png	190.336229
PIC_20151112_093841_133.png	31.425291
PIC_20160202_103430_F18.png	192.539476
PIC_20160214_145603_41B.png	43.204745
PIC_20160708_142626_7FB.png	207.601951
PIC_20160708_143352_FB1.png	146.808719
PIC_20160711_090444_E43.png	201.764665
PIC_20160712_090227_E44.png	154.850250
PIC_20160722_125251_E6C.png	115.491385
PIC_20160723_122817_643.png	60.345857
PIC_20160726_103127_74D.png	64.694513
PIC_20160802_104308_33D.png	170.271342
PIC_20160809_080932_006.png	199.958496
PIC_20160816_084227_F64.png	142.845371
PIC_20160819_103915_286.png	162.901105
PIC_20160823_152128_7F6.png	206.091266
PIC_20160830_085002_4D8.png	136.270356
PIC_20160830_085247_0B6.png	124.958913
PIC_20160906_081821_6AF.png	160.873024
PIC_20160913_100312_09E.png	157.488285
zhaopian 310.png	309.505291
